Id,FirstName,LastName,Gender,Country,Age,Dept_ID
10,Dulce,Abril,Female,United States,32,1
11,Mara,Hashimoto,Female,Great Britain,25,1
12,Philip,Gent,Male,France,36,1
13,Kathleen,Hanner,Female,United States,25,1
14,Nereida,Magwood,Female,United States,58,1
15,Gaston,Brumm,Male,United States,24,1
16,Etta,Hurn,Female,Great Britain,56,1
17,Earlean,Melgar,Female,United States,27,1
18,Vincenza,Weiland,Female,United States,40,1
19,Fallon,Winward,Female,Great Britain,28,1
20,Arcelia,Bouska,Female,Great Britain,39,1
21,Franklyn,Unknow,Male,France,38,1
22,Sherron,Ascencio,Female,Great Britain,32,1
23,Marcel,Zabriskie,Male,Great Britain,26,1
24,Kina,Hazelton,Female,Great Britain,31,1
25,Shavonne,Pia,Female,France,24,1
26,Shavon,Benito,Female,France,39,1
27,Lauralee,Perrine,Female,Great Britain,28,1
28,Loreta,Curren,Female,France,26,1
29,Teresa,Strawn,Female,France,46,1
30,Belinda,Partain,Female,United States,37,2
31,Holly,Eudy,Female,United States,52,2
32,Many,Cuccia,Female,Great Britain,46,2
33,Libbie,Dalby,Female,France,42,2
34,Lester,Prothro,Male,France,21,2
35,Marvel,Hail,Female,Great Britain,28,2
36,Angelyn,Vong,Female,United States,29,2
37,Francesca,Beaudreau,Female,France,23,2
38,Garth,Gangi,Male,United States,41,2
39,Carla,Trumbull,Female,Great Britain,28,2
40,Veta,Muntz,Female,Great Britain,37,3
41,Stasia,Becker,Female,Great Britain,34,3
42,Jona,Grindle,Female,Great Britain,26,3
43,Judie,Claywell,Female,France,35,3
44,Dewitt,Borger,Male,United States,36,3
45,Nena,Hacker,Female,United States,29,3
46,Kelsie,Wachtel,Female,France,27,3
47,Sau,Pfau,Female,United States,25,3
48,Shanice,Mccrystal,Female,United States,36,3
49,Chase,Karner,Male,United States,37,4
50,Tommie,Underdahl,Male,United States,26,4
51,Dorcas,Darity,Female,United States,37,4
52,Angel,Sanor,Male,France,24,4
53,Willodean,Harn,Female,United States,39,4
54,Weston,Martina,Male,United States,26,5
55,Roma,Lafollette,Female,United States,34,5
56,Felisa,Cail,Female,United States,28,5
57,Demetria,Abbey,Female,United States,32,5
58,Jeromy,Danz,Male,United States,39,5
59,Rasheeda,Alkire,Female,United States,29,5
